"구분(1)",구분(2),구분(3),구분(4),2022.01,2022.02,2022.03,2022.04,2022.05,2022.06,2022.07,2022.08,2022.09,2022.10,2022.11
"도시대기",서울,중구,중구,31,27,21,22,17,12,17,12,11,14,24
"도시대기",서울,종로구,종로구,32,28,22,22,17,12,16,12,12,13,23
"도시대기",서울,중랑구,중랑구,27,24,20,21,16,12,17,13,11,14,23
"도시대기",서울,동대문구,동대문구,31,25,22,22,16,13,17,16**,12,14,22
"도시대기",서울,은평구,은평구,28,27,25,27,22,17,18,12,11,11,19
"도시대기",서울,마포구,마포구,27,24,19,20,15,10,16,11,13,15,23
"도시대기",서울,영등포구,영등포구,29,26,22,22,17,12,18,12,12,14,21
"도시대기",서울,동작구,동작구,31,28,22,24,19,14,19,12,14,16,24
"도시대기",서울,관악구,관악구,27,24,20,22,17,13,18,12,13,15,22
"도시대기",서울,강남구,강남구,27,23,19,21,16,12,16,12,12,14,22
"도시대기",서울,금천구,금천구,32,27,21,21,15,10,17,11,13,17,23
"도시대기",서울,강동구,강동구,31,26,22,22,16,13,15,11,10,14,23
"도시대기",서울,강북구,강북구,30,28,22,22,18,13,15,11,10,13,19
"도시대기",서울,성북구,성북구,25,23,21,21,17,14,14,10,11,14,23
"도시대기",서울,용산구,용산구,29,26,21,23,19,14,18,12,12,14,21
"도시대기",서울,광진구,광진구,29,25,21,22,16,12,17,12,11,13,21
"도시대기",서울,성동구,성동구,24,21,18,19,16,13,16,11,10,13,20
"도시대기",서울,도봉구,도봉구,28,25,22,21,16,12,12,9,9,12,21
"도시대기",서울,서대문구,서대문구,28,26,21,18,15,10,12,8,9,11,21
"도시대기",서울,구로구,구로구,24,24,22,22,16,9,12,7,11,13,23
"도시대기",서울,서초구,서초구,28,24,21,20,16,13,13,8,10,13,24
"도시대기",서울,강서구,강서구,27,24,20,23,16,12,19,12,13,15,23
"도시대기",서울,송파구,송파구,29,24,19,22,18,13,17,12,12,14,21
"도시대기",서울,양천구,양천구,34,29,23,22,17,11,18,15,15,16,24
"도시대기",서울,노원구,노원구,33,30,24,24,19,14,15,13,12,15,25
"도시대기",부산,중구,광복동,19,17,20,17,20,13,15,12,11,10,18
"도시대기",부산,남구,대연동,20,19,20,15,18,12,14,12,10,11,18
"도시대기",부산,남구,용호동,17,15,17,11,13,7,9,9,7,9,16
"도시대기",부산,사상구,학장동,28,25,26,19,21,13,15,14,13,14,24
"도시대기",부산,사상구,덕포동,27,23,25,18,20,12,14,11,11,13,25
"도시대기",부산,북구,덕천동,21,22,23,18,19,12,13,12,12,12,21
"도시대기",부산,북구,화명동,21,19,19,15,18,10,11,9,8,10,19
"도시대기",부산,사하구,장림동,27,23,25,19,22,13,15,13,13,13,24
"도시대기",부산,사하구,당리동,22,20,22,16,18,11,13,11,10,11,21
"도시대기",부산,부산진구,전포동,23,20,21,14,16,9,10,9,10,13,24*
"도시대기",부산,부산진구,개금동,24,22,24,16,18,11,11,9,9,12,24
"도시대기",부산,연제구,연산동,20,19,21,17,19,11,13,10,10,11,19
"도시대기",부산,영도구,태종대,16,14,15,10,11,5,6,5,5,7,13
"도시대기",부산,영도구,청학동,18,17,18,13,15,8,9,8,8,9,16
"도시대기",부산,금정구,청룡동,20,19,20,15,16,10,12,10,10,10,16
"도시대기",부산,금정구,부곡동,19,19,19,14,15,10,11,8,7,9,16
"도시대기",부산,금정구,회동동,18,17,19,15,17,9,11,9,10,11,19
"도시대기",부산,해운대구,좌동,18,18,19,14,16,9,10,9,8,8,15
"도시대기",부산,해운대구,재송동,22*,19,21,17,18,11,12,12,11,11,19
"도시대기",부산,강서구,대저동,23,20,22,16,17,11,13,10,10,13,24
"도시대기",부산,강서구,녹산동,23,21,25,19,22,13,14,12,13,15,25
"도시대기",부산,강서구,명지동,24,22,25,17,18,9,11,7,12,15,26
"도시대기",부산,기장군,기장읍,20,19,20,15,17,11,11,11,10,10,17
"도시대기",부산,기장군,용수리,21,21,22,16,18,11,12,10,9,11,18
"도시대기",부산,수영구,광안동,18,17,18,13,14,8,10,8,7,8,15
"도시대기",부산,동래구,명장동,22,20,22,16,19,11,13,11,11,11,19
"도시대기",부산,동구,수정동,19,18,19,15,17,10,12,9,9,10,16
"도시대기",부산,서구,대신동,22,20,19,15,17,10,13,12,10,10,17
"도시대기",대구,중구,수창동,22,21,23,17,18,12,13,10,10,13,25
"도시대기",대구,중구,남산1동,-,-,23*,16,16,10,11,10,10,13,25
"도시대기",대구,서구,이현동,23,20,24,19,17,12,13,10,10,14,25
"도시대기",대구,서구,내당동,27,23,24,19,19,13,15,12,8,12,27
"도시대기",대구,남구,대명동,23,21,21,16,17,11,11,9,9,13,24
"도시대기",대구,북구,산격동,22,20,21,16,16,11,12,9,9,11,21
"도시대기",대구,북구,태전동,20,18,17,15,16,12,14,10,7,9,17
"도시대기",대구,북구,침산동,28,25,24,18,18,14,12,9,9,13,25
"도시대기",대구,동구,신암동,24,21,20,16,15,11,10,8,8,12,22
"도시대기",대구,동구,서호동,30,26,25,17,16,12,12,10,10,13,25
"도시대기",대구,수성구,만촌동,23,19,21,14,14,10,11,9,8,11,22
"도시대기",대구,수성구,지산동,24,23,21,15,15,11,11,8,7,10,18
"도시대기",대구,수성구,시지동,25,23,23,16,16,12,13,9,9,12,23
"도시대기",대구,달서구,호림동,26,23,24,16,16,11,12,9,10,14,24
"도시대기",대구,달서구,진천동,24,21,22,18,18,13,14,12,12,14,25
"도시대기",대구,달서구,본동,26,24,23*,17,17,12,12,10,10,13,26
"도시대기",대구,달성군,유가읍,20,19,20,15,16,10,9,6,9,12,-
"도시대기",대구,달성군,다사읍,22,20,20,17,17,12,11,9,9,11,23
"도시대기",대구,달성군,화원읍,22,21,22,17,16,14,11,9,9,11,20
"도시대기",인천,중구,신흥,30,26,24,24,19,14,17,7,13,17,24
"도시대기",인천,중구,영종,20,17,22,21,17,13,19,11,14,16,24
"도시대기",인천,중구,운서,27,23,21,20,16,12,21,12,15,16,22
"도시대기",인천,동구,송림,29,25,21,19,15,11,16,12,15,19,25
"도시대기",인천,남동구,구월동,28,25,26,25,18,15*,18*,10,16,18,21
"도시대기",인천,남동구,고잔,33,28,25,23,19,16,20,12,15,18,28
"도시대기",인천,남동구,서창,24,22,25,25,18,13,19,13,14,18,25
"도시대기",인천,남동구,논현,29,25,23,22,16,13,18,12,14,16,26
"도시대기",인천,부평구,부평,31,27,23,25,18,12,21,15,17,19,27
"도시대기",인천,부평구,삼산,26,22,19,19,16,11,17,12,13,15,21
"도시대기",인천,옹진군,영흥,28,25,25,23,16,12,15,9,14,16,24
"도시대기",인천,서구,연희,28,24,24,25,19,16,21,15,12,14,21
"도시대기",인천,서구,석남,26,23,21,20,16,13,17,12,13,14,21
"도시대기",인천,서구,검단,29,26,21,20,15,10,17,10,14,17,24
"도시대기",인천,서구,원당,30,26,21,22,15,10,18,12,13,15,21
"도시대기",인천,서구,청라,27,23,19,18,15,10,14,9,11,14,21
"도시대기",인천,계양구,계산,23,21,24,22,14,10,13,9,10,11,17
"도시대기",인천,계양구,효성,-,-,-,-,-,-,-,-,16*,19,25
"도시대기",인천,강화군,송해,27,24,22,21,16,10,17,12,13,15,22
"도시대기",인천,강화군,길상,31,27,22,19,16,11,17,11,14,17,25
"도시대기",인천,연수구,동춘,27,24,22,21,17*,12,20,14,17,20,27
"도시대기",인천,연수구,송도,27,22,20,19,15,10,17,10,15,18,24
"도시대기",인천,연수구,아암,26,22,24,22,17,13,19,14,16,19,25
"도시대기",인천,미추홀구,숭의,31,28,24,21,15,12,18,11,14,16,23
"도시대기",인천,미추홀구,주안,31,27,23,22,18,14,19,13,15,19,26
"도시대기",광주,동구,서석동,21,22,20,16,16,13,11,8,11,12,18
"도시대기",광주,서구,농성동,22,22,19,16,15,11,13,8,12,14,21
"도시대기",광주,서구,유촌동,27,28,23,19,18,13,14,10,14,17,24
"도시대기",광주,북구,두암동,22,23,20,15,14,10,11,9,12,12,18
"도시대기",광주,북구,건국동,23,24,20,17,16,12,12,8,12,14,21
"도시대기",광주,북구,일곡동,21,22,19,15,15,11,9,8,12,13,19
"도시대기",광주,광산구,오선동,22,24,20,17,15,11,10,8,11,15,21
"도시대기",광주,광산구,평동,25,27,23,20,20,15,13,9,14,16,25
"도시대기",광주,광산구,우산동,25,25,22,17,16,11,12,9,13,16,24
"도시대기",광주,남구,주월동,27,27,23,18,16,12,13,11,14,16,22
"도시대기",광주,남구,노대동,23,24,20,16,15,11,12,9,13,13,18
"도시대기",대전,대덕구,읍내동,28,26,23,21,17,11,13,8,12,14,25
"도시대기",대전,대덕구,문평동,25,24,28,21,17,12,13,9,11,17,29
"도시대기",대전,중구,문창동,26,23,26,20,14,11,15,9,9,12,21
"도시대기",대전,유성구,상대동,27,23,20,15,13,8,10,7,10,13,21
"도시대기",대전,유성구,구성동,21,22,24,17,15,11,13,8,11,14,24
"도시대기",대전,유성구,노은동,29,27,22,17,15,12,14,9,11,13,23
"도시대기",대전,유성구,관평동,31,28,23,15,13,9,10,6,10,15,25
"도시대기",대전,동구,성남동,23,20,24,18,15,9,13,8,10,14,25
"도시대기",대전,동구,대성동,24,23,22,14,12,9,10,6,9,13,21
"도시대기",대전,서구,정림동,27,25,25,20,17,12,16,10,8,11,20
"도시대기",대전,서구,둔산동,19,18,22,16,14,9,10,7,10,14,26
"도시대기",울산,중구,성남동,19,18,20,17,18,12,14,13,11,12,19
"도시대기",울산,중구,약사동,17,16,19,16,19,11,11,13,12,13,19
"도시대기",울산,남구,부곡동,18,18,22,19,23,12,10,13,10,11,18
"도시대기",울산,남구,여천동,19,18,21,19,21,13,14,13,10,11,18
"도시대기",울산,남구,야음동,18,17,18,15,18,13,14,11,9,9,16
"도시대기",울산,남구,신정동,18,18,19,15,20,13,14,14,11,12,18
"도시대기",울산,남구,무거동,20,19,22,18,19,12,14,13,13,12,22
"도시대기",울산,남구,삼산동,20,18,21,18,20,12,12,13,13,15,20
"도시대기",울산,울주군,덕신리,17,16,19,13,14,9,13,15,14,12,17
"도시대기",울산,울주군,웅촌면,21,19,21,17,18,12,14,14,14,14,22
"도시대기",울산,울주군,범서읍,24,24,25,20,21,13,9,16,18,17,26
"도시대기",울산,울주군,화산리,18,18,22,21,24,18,19,19,11,12,17
"도시대기",울산,울주군,상남리,16,15,17,13,15,10,11,12,9,10,16
"도시대기",울산,울주군,삼남읍,17,16,19,15,17,13,16,15,17,19,22
"도시대기",울산,북구,송정동,-,-,-,-,-,-,-,-,8,10,20
"도시대기",울산,북구,효문동,20,19,21,17,20,13,9,13,11,12,21
"도시대기",울산,북구,농소동,19,18,20,16,18,10,10,13,12,15,18
"도시대기",울산,동구,대송동,15,15,16,12,14,7,12,13,9,10,18
"도시대기",울산,동구,전하동,17,17,19,13,15,8,7,11,11,12,18
"도시대기",세종,세종,신흥동,33,29,26,17,14,9,12,8,10,17,29
"도시대기",세종,세종,아름동,26,24,22,16,13,10,12,8,10,14,23
"도시대기",세종,세종,한솔동,29,25,22,16,14,10,12,7,9,14,22
"도시대기",세종,세종,부강면,34,30,24,17,14,10,11,8,10,15,25
"도시대기",경기,수원,인계동,30,27,25,22,16,12,14,9,12,17,25
"도시대기",경기,수원,신풍동,26,23,21,18,14,9,12,8,7*,15,21
"도시대기",경기,수원,광교동,24,21,19,19,13,10,16,10,10,12,17
"도시대기",경기,수원,영통동,30,27,24,23,18,14,19,13,14,18,23
"도시대기",경기,수원,천천동,28,26,24,20,15,9,13,8,11,15,23
"도시대기",경기,수원,고색동,29,27,24,20,15,10,13,8,11,16,24
"도시대기",경기,수원,호매실동,-,-,-,-,19,14,18,12,14,17,21
"도시대기",경기,안양,안양8동,29,27,26,25,19,14,17,12,15,19,28
"도시대기",경기,안양,부림동,25,23,22,22,19,16,21,15,14,16,23
"도시대기",경기,안양,호계동,28,25,24,23,17,14,16,10,12,17,23
"도시대기",경기,안양,안양2동,33,30,25,22,14,11,14,9,13,19,25
"도시대기",경기,성남,단대동,30,26,24,21,16,11,13,9,10,14,22
"도시대기",경기,성남,정자동,29,25,22,20,15,11,12,9,10,13,22
"도시대기",경기,성남,수내동,29,25,23,20,16,12,14,10,10,13,21
"도시대기",경기,성남,복정동,29,27,23,20,14,10,12,8,9,14,23
"도시대기",경기,성남,상대원동,28,26,24,19,14,10,12,8,9,12,20
"도시대기",경기,성남,운중동,31,28,24,22,17,12,14,10,11,15,22
"도시대기",경기,의정부,의정부동,29,24,22,22,16,10,10,8,9,12,21
"도시대기",경기,의정부,의정부1동,31,26,23,22,17,14,16,13,12,15,28
"도시대기",경기,의정부,송산3동,28,23,18,18,17,14,16,14,10,12,19
"도시대기",경기,광명,철산동,32,28,25,22,16,10,14,9,12,17,24
"도시대기",경기,광명,소하동,33,29,26,24,18,13,16,11,13,18,27
"도시대기",경기,안산,고잔동,31,27,23,21,13,9,12,6,9,13,23
"도시대기",경기,안산,원시동,42,37,33,25,19,12,18,12,17,22,30
"도시대기",경기,안산,본오동,-,-,19*,20,15,10,13,9,12,16,22
"도시대기",경기,안산,원곡동,34,29,30,32,24,17,20,13,18,21,25
"도시대기",경기,안산,부곡동,31,25,19,18,12,7,13,7,10,14,20
"도시대기",경기,안산,대부동,24,21,18,17,12,8,14,8,12,14,20
"도시대기",경기,안산,호수동,27,23,18,18,12,8,15,9,11,14,20
"도시대기",경기,평택,비전동,41,28,26,24,18,12,16,11,14,20,31
"도시대기",경기,평택,안중,31,28,26,26,22,16,22,15,20,25,34
"도시대기",경기,평택,평택항,28,26,27,26,21,16,20,14,15**,-,28*
"도시대기",경기,평택,송북동,36,31,30,27,22,16,19,14,19,26,33
"도시대기",경기,평택,청북읍,31,28,26,27,21,15,21,13,19,23,34
"도시대기",경기,평택,고덕면,31,27,27,24,18,13,17,10,14,21,30
"도시대기",경기,과천,별양동,29,25*,-,23,17,12,16,11,13,16,22
"도시대기",경기,과천,과천동,28,25,22,19,14,11,13,9,10,13,20
"도시대기",경기,구리,교문동,26,22,20,20,16,13,13,10,9,12,19
"도시대기",경기,구리,동구동,29,25,22,21,18,13,14,11,10,13,23
"도시대기",경기,의왕,부곡3동,27,24,21,19,16,11,14,9,11,15,22
"도시대기",경기,의왕,고천동,27,24,21,18,13,8,10,6,8,12,19
"도시대기",경기,고양,행신동,27,23,19,21,17,14,16,10,11,13,25
"도시대기",경기,고양,식사동,23,19,20,22,17,13,15,10,13,15,26
"도시대기",경기,고양,신원동,34,33,25*,21,18,15,17,12,13,15,25
"도시대기",경기,고양,주엽동,24,21,18,20,19**,19,25,14,13,15,25
"도시대기",경기,광주,경안동,32,28,25,22,17,13,14,10,10,14,24
"도시대기",경기,광주,오포읍,33,29,25,23,17,12,-,-,-,-,-
"도시대기",경기,광주,오포1동,-,-,-,-,-,-,14,10,10,15,23
"도시대기",경기,광주,곤지암,36,32,29,24,18,14,15,10,11,17,28
"도시대기",경기,군포,당동,24,21,23,23,19,16,16,14,18,19,26
"도시대기",경기,군포,산본동,25,21,20,20,15,9,11,7,11,15,23
"도시대기",경기,시흥,정왕동,30,25,25,26,20,16,20,12,15,20,28
"도시대기",경기,시흥,시화산단,30,23,26,26,20,14,17,11,17,21,29
"도시대기",경기,시흥,대야동,30,27,23,23,20,15,19,13,16,20,30
"도시대기",경기,시흥,목감동,32,27,26,25,19,13,16,10,13,18,27
"도시대기",경기,시흥,장현동,30,27,26,27,20,16,20,15,16,17,26
"도시대기",경기,시흥,배곧동,32,29,30,31,23,16,21,13,19,25,32
"도시대기",경기,부천,소사본동,31,27,26,23,16,12,16,9,12,14,22
"도시대기",경기,부천,내동,33,28,27,23,16,11,14,8,14,21,31
"도시대기",경기,부천,중2동,30,24,22,22,15,10,13,7,13,18,26
"도시대기",경기,부천,오정동,31,27,24,24,16,10,13,8,12,15*,24
"도시대기",경기,남양주,금곡동,28,25,20,18,14,9,9,8,8,11,19
"도시대기",경기,남양주,오남읍,30,27,23,22,17,13,12,10,9,13,20
"도시대기",경기,남양주,별내동,28,25,22,21,18,13,12,10,9,13,21
"도시대기",경기,남양주,화도읍,29,25,21,21,17,11,10,15,14,15,25
"도시대기",경기,남양주,와부읍,27,25,19,20,18,13,17,14,9,13,20
"도시대기",경기,남양주,진접읍,26,24,17,17,15,12,13,12,9,12,18
"도시대기",경기,용인,김량장동,36,31,29,24,19,14,15,10,13,19,30
"도시대기",경기,용인,수지,28,25,23,21,14,12,15,10,12,17,26
"도시대기",경기,용인,기흥,30,27,24,22,17,12,14,10,11,16,24
"도시대기",경기,용인,모현읍,34,30,25,22,16,11,13,8,9,15,25
"도시대기",경기,용인,이동읍,37,32,28,24,17,11,13,8,10,16,27
"도시대기",경기,용인,백암면,37,31,31,25,17,13,13,9,11,20,34
"도시대기",경기,김포,사우동,28,25,22,23,18,14,17,12,15,18,26
"도시대기",경기,김포,고촌읍,33,28,27,28,20,14,18,13,18,22,26
"도시대기",경기,김포,월곶면,31,28,24,24,18,11,16,12,14,18,26
"도시대기",경기,김포,한강신도시,32,28,24,24,19,14,20,14,17,18,27
"도시대기",경기,오산,오산동,29,25,26,24,21,16,17,8,12,18,25
"도시대기",경기,하남,신장동,28,24,19,18,15,12,14,10,8,14,20
"도시대기",경기,하남,미사,26,23,18,17,15,13,15,13,10,12,19
"도시대기",경기,화성,남양읍,30,26,24,24,17,11,14,10,13,20,24
"도시대기",경기,화성,향남,31,27,27,27,20,16,19,13,17,24,33
"도시대기",경기,화성,동탄동,27,24,23,21,18,13,15,9,12,18,23
"도시대기",경기,화성,우정읍,31,29,26,25,19,16,21,14,20,23,30
"도시대기",경기,화성,청계동,31,24,25,23,19,15,17,9,11,17,29
"도시대기",경기,화성,새솔동,33,30,25,23,16,11,15,10,13,18,26
"도시대기",경기,화성,봉담읍,33,28,26,27,23,17,18,12,15,19,30
"도시대기",경기,화성,서신면,30,26,25,24,17,12,17,12,17,21,31
"도시대기",경기,양주,백석읍,29,25,22,21,16,13,14,11,10,15,28
"도시대기",경기,양주,고읍,29,24,20,21,18,15,14,11,11,15,26
"도시대기",경기,동두천,보산동,22,23,17,17,14,10,10,9,8,10,22
"도시대기",경기,안성,봉산동,34,29,28,22,15,9,12,7,9,18,29
"도시대기",경기,안성,공도읍,38,35,32,26,18,12,15,10,13,22,36
"도시대기",경기,안성,죽산면,38,33,32,27,20,13,14,10,14,24,36
"도시대기",경기,이천,창전동,30,24,23,21,18,15,15,12,13,17,29
"도시대기",경기,이천,장호원읍,31,25,25,21,19,15,14,11,10,16,31
"도시대기",경기,이천,부발읍,39,31,32,28,24,18,17,14,14,21,36
"도시대기",경기,파주,금촌동,36,31,25,25,18,11,13,9,14,19,30
"도시대기",경기,파주,운정,35,30,23,23,18,12,17,12,14,17,25
"도시대기",경기,파주,파주읍,29,26,20,19,13,8,10,7,8,10,19
"도시대기",경기,포천,선단동,38,32,26,24,19,14,12,11,11,17,32
"도시대기",경기,포천,일동면,31,27,18,18,14,10,11,9,8,10,18
"도시대기",경기,여주,중앙동,32,25,25,21,18,14,11,7,9,15,28
"도시대기",경기,여주,대신면,33,29,29,26,22,19,17,13,10,16,29
"도시대기",경기,여주,가남읍,42,34,34,29,26,19,16,12,15,25,41
"도시대기",경기,연천,전곡,-,-,-,-,-,-,-,-,-,-,25
"도시대기",경기,연천,연천,19**,24**,20,18,15,9,9,7,5,7,17
"도시대기",경기,가평,가평읍,29,26,20,20,17,13,11,11,9,11,20
"도시대기",경기,가평,설악면,34,29,22,20,16,12,11,9,8,13,21
"도시대기",경기,양평,양평읍,34,31,26,23,19,14,13,10,10,15,25
"도시대기",경기,양평,용문면,31,28,23,20,17,12,10,8,7,11,20
"도시대기",강원,양구,양구읍,26,25,23**,-,13**,10,7,6,6,7,16
"도시대기",강원,고성,상리,20,21,18,18,15,11,9,8,7,8,16
"도시대기",강원,정선,정선읍사무소,19,16,27**,-,12**,12,9,8,7,9,17
"도시대기",강원,횡성,우천면,-,-,-,-,-,-,-,-,-,-,22
"도시대기",강원,횡성,횡성읍,31,26,21,18,15,11,9,7,6,11,20
"도시대기",강원,춘천,중앙로,29,24,19,18,15,11,8,7,5,8,19
"도시대기",강원,춘천,석사동,30,25,19,16,15,10,9,8,7,10,20*
"도시대기",강원,춘천,신사우동,27,24,23**,13**,12,8,7*,6,5,6,15
"도시대기",강원,강릉,옥천동,15,16,23**,17*,16,10,10,11,8,13,21
"도시대기",강원,강릉,주문진읍,-,-,16,14,12,8,4,11,8*,10,17
"도시대기",강원,원주,중앙동,27,22,17,13,12,9,8,11*,13,12,22
"도시대기",강원,원주,문막읍,29,25,20,19,18,13,15,11,9,12*,-
"도시대기",강원,원주,지정면,31,27,22,21,19,15,16,13,10,14,23
"도시대기",강원,원주,반곡동,36,28,24,20,19,13,11,6,10,16,27
"도시대기",강원,동해,천곡동,18,18,30,19,14,10,11,9,8,7,14
"도시대기",강원,삼척,남양동,16,17,21,17,14,12,8,7,6,5,13
"도시대기",강원,평창,평창읍,23,21,17,15,14,9,4,7,9,13,22
"도시대기",강원,양양,양양읍,18,18,16,15,13,9,7,7,6,7,13
"도시대기",강원,속초,금호동,13,13,14,13,10,8,9,8,6,5,10
"도시대기",강원,영월,영월읍,26,23,20,17,16,11,5,6,8,12,20
"도시대기",강원,철원,갈말읍,23,21,18,18,16,11,10,12,10,7,18
"도시대기",강원,홍천,홍천읍,33,28,21,18,16,12,10,10,7,9,20
"도시대기",강원,화천,화천군,29,27,20,18,16,11,9,8,8,9,18
"도시대기",강원,태백,황지동,13,14,15,12,12,10,9,7,6,6,12
"도시대기",강원,인제,인제읍,19,19,14,13,13,8,6,6,5,6,13
"도시대기",충북,괴산,괴산읍,30,26,26,19,17,15,16,12,11,16,29
"도시대기",충북,괴산,감물면,33,31,27,21,17,13,13,10,10,16,29
"도시대기",충북,음성,음성읍,31,26,27,20,18,13,16,12,15,19,31
"도시대기",충북,음성,소이면,39,34,29,24,21,16,13,8,10,16,29
"도시대기",충북,청주,송정동,32,27,26,19,16,13,14,9,13,18,27
"도시대기",충북,청주,사천동,35,31,31,25,20,15,17,12,14,18,30
"도시대기",충북,청주,용담동,25,22,22,18,15,14,15,8,9,14,24
"도시대기",충북,청주,용암동,29,26,27,19,19,14,16,12,15,21,34
"도시대기",충북,청주,오창읍,28,26,28,20,17,15,16,11,13,18,26
"도시대기",충북,청주,산남동,35,31,30,23,21,16,16,10,13,18,30
"도시대기",충북,청주,가덕면,37,29,24,16,18,14,12,9,11,18,28
"도시대기",충북,청주,오송읍,31,28,27,20,16,12,17,11,15,18,29
"도시대기",충북,충주,호암동,32,27,27,20,16,11,12,8,9,13,26
"도시대기",충북,충주,칠금동,31,28,27,21,19,15,16,14,19,21,34
"도시대기",충북,충주,중앙탑면,27,23,24,19,18,16,16,12,10,14,24
"도시대기",충북,충주,살미면,31,27,25,19,17,14,15,11,9,13,23
"도시대기",충북,제천,장락동,29,24,22,18,18,14,14,17,13,18,26
"도시대기",충북,제천,영천동,32,25,22,18,17,11,9,7,9,15,26
"도시대기",충북,제천,청풍면,26,23,23,18,18,14,12,10,10,11,21
"도시대기",충북,단양,매포읍,34,29,27,22,19,13,15*,15,18,18,25
"도시대기",충북,단양,단성면,23,22,21,17,17,13,13,10,9,11,20
"도시대기",충북,단양,단양읍,23,20,20,17,18,17,14,11,9,10,21
"도시대기",충북,진천,진천읍,32,27,27,21,17,12,14,11,14,27,35
"도시대기",충북,진천,덕산읍,28,27,29,22,19,16,15,11,13,19,31
"도시대기",충북,옥천,옥천읍,28,24,23,19,17,11,13,9,13,15,28
"도시대기",충북,영동,영동읍,30,24,22,17,15,11,12,9,10,11,22
"도시대기",충북,영동,황간면,26,23,23,18,18,15,15,10,10,12,23
"도시대기",충북,증평,증평읍,28,24,22,17,15,13,15,10,9,13,21
"도시대기",충북,증평,도안면,38,33,33,24,19,12,13,9,12,16,24
"도시대기",충북,보은,보은읍,31,28,26,20**,-,-,12,9,9,13,23
"도시대기",충남,천안,성황동,32,29,27,21,17,14*,15,10,13,20,28*
"도시대기",충남,천안,백석동,35,33,30,22,15,10,16,9,14,19,33
"도시대기",충남,천안,성거읍,42,37,34,25,19,11,14,9,13,20,31
"도시대기",충남,천안,신방동,34,31,29,24,19,16,19,14,16,23,29
"도시대기",충남,당진,송산면,34,30,28,26,21,13,17,10,16,22,30
"도시대기",충남,당진,당진시청사,31,27,27,25,19,14,19,10,16,22,31
"도시대기",충남,당진,합덕읍,-,-,-,-,-,-,-,9,14,23,35
"도시대기",충남,서산,독곶리,23,19,17,15,11,7,11,6,10,12,18
"도시대기",충남,서산,동문동,26,28,25,22,16,11,16,10,14,20,27
"도시대기",충남,서산,대산리,27,24,19,18,14,9,14,8,12,14,21
"도시대기",충남,서산,성연면,28,26,20,20,15,10,14,8,14,17,22
"도시대기",충남,아산,모종동,34,30,29,23,18,13,17,10,15,20,28
"도시대기",충남,아산,배방읍,33,29,27,23,18,13,16,10,13,20,27
"도시대기",충남,아산,도고면,37,33,32,27,19,13,17,11,16,23,32
"도시대기",충남,아산,둔포면,35,31,32,29,20,13,17,12,18,26,36
"도시대기",충남,아산,인주면,34,32,31,27,19,12,17,11,18,26,36
"도시대기",충남,아산,송악면,-,-,26,20,15,10,12,8,11,17,25
"도시대기",충남,논산,논산,24,23,21,20,17,12,14,8,10,14,20
"도시대기",충남,논산,연무읍사무소,28,26,23,20,16,10,13,8,11,17,29
"도시대기",충남,논산,성동면,33,32,28,22,17,11,12,8,12,19,30
"도시대기",충남,태안,이원면,26,22,18,16,12,8,13,7,11,13,17
"도시대기",충남,태안,태안읍,28,24,22,19,13,7,13,7,10,12,20*
"도시대기",충남,태안,원북면,27,25,21,18,15,9,12,8,12,15,19
"도시대기",충남,보령,대천2동,28,25,23,20,16,11,16,10,18,23,28
"도시대기",충남,보령,주교면,30,29,26,22,16,10,14,8,13,20,30
"도시대기",충남,홍성,홍성읍,32,28,26,22,18,13,15,10,15,21,30
"도시대기",충남,홍성,내포,28,25,25,21,15,9,12,7,11,17,24
"도시대기",충남,공주,공주,32,30,28,22,19,14,14,8,12,17,27
"도시대기",충남,공주,탄천면,30,29,27,23,18,13,14,9,12,18,28
"도시대기",충남,부여,부여읍,25*,24,21,18,16,12,15,10,12,16,20
"도시대기",충남,청양,청양읍,31,28,26,21,17,12,15,9,13,19,26
"도시대기",충남,청양,정산면사무소,30,28,23,17,15,10,11,7,10,16,26
"도시대기",충남,금산,금산읍,32,28,26,20,18,11,13,8,8,12,23
"도시대기",충남,예산,예산군,29,25,25,21,17,13,16,10,14,20,27
"도시대기",충남,예산,삽교읍,36,31,29,23,17,13,16,9,15,22,32
"도시대기",충남,계룡,엄사면,26,25,22,19,16,11,13,8,10,14,21
"도시대기",충남,서천,서천읍,25,24,22,20,15,10,12,8,12,15,23
"도시대기",충남,서천,서면,24,22,19,19,14,8,10,6,11,12,18
"도시대기",충남,서천,장항읍,26,24,18,19,14*,9,13,8,12,15,22
"도시대기",전북,임실,임실읍,25,24,19,15,13,11,13,9,11,18,27
"도시대기",전북,임실,관촌면,25,23,20,16,15,13,13,8,9,16,29
"도시대기",전북,전주,삼천동,30,28,24,21,18,10,14,9,12,16,25
"도시대기",전북,전주,팔복동,26,24,20,18,13,8,12,7,10,14,22
"도시대기",전북,전주,노송동,26,25,25,21,17,12,14,8,10,13,20
"도시대기",전북,전주,송천동,32,30,28,24,19,12,14,8,14,18,31
"도시대기",전북,전주,혁신동,29,28,26,23,19,12,14,9,15,20,32
"도시대기",전북,전주,여의동,-,-,-,-,-,12**,17,10,16,20,31
"도시대기",전북,전주,효자동,-,-,-,-,-,5**,14,8,12,16,26
"도시대기",전북,군산,신풍동,25,25,22,22,17,13,14,10,17,18,27
"도시대기",전북,군산,소룡동,25,30,24,21,18,13,15,9,18,20,28
"도시대기",전북,군산,사정동,25,28,25,25,20,17,13,9,15,17,26
"도시대기",전북,군산,옥산면,25,25,26,24,19,15,18,10,16,20,32
"도시대기",전북,군산,비응도동,25,24,22,21,16,12,17,9,17,21,32
"도시대기",전북,군산,소룡동2,24,22,21,19,17,14,13,9,17,19,28
"도시대기",전북,익산,함열읍,28,25,24,22,18,12,14,6,12,19,26**
"도시대기",전북,익산,팔봉동,27,28,26,24,22,13,14,8,15,22,33
"도시대기",전북,익산,모현동,26,25,24,22,18,14,14,8,14,21,31
"도시대기",전북,익산,삼기면,28,27,26,24,19,14,11,8,17,25,35
"도시대기",전북,익산,용동면,32,29,27,26,23,18,19,10,14,16,28**
"도시대기",전북,익산,춘포면,33,30,26,22,17,12,13,6,12,23,35
"도시대기",전북,익산,여산면,30,28,25,24,20,15,18,12,14,20,29
"도시대기",전북,남원,죽항동,24,20,19,16,15,11,14,9,11,15,24
"도시대기",전북,남원,운봉읍,26,25,22,18,18,14,14,10,12,15,25
"도시대기",전북,정읍,연지동,25,25,24,20,18,14,14,13,17,19,28
"도시대기",전북,정읍,신태인,27,27,23,24,19,16,23,12,15,17,24
"도시대기",전북,정읍,영파동,28,28,22,20,17,14,17,10,15,15,24
"도시대기",전북,고창,고창읍,24,23,20,17,15,11,13,9,14,17,24
"도시대기",전북,고창,심원면,19,19,16,16,14,10,11,6,9,14,21
"도시대기",전북,부안,부안읍,29,28,23,21,16,12,18,12,17,18,28
"도시대기",전북,부안,계화면,34,33,28,27,22,15,17,11,20,21,30
"도시대기",전북,김제,요촌동,36,35,29,24,20,14,16,14,22,22,32
"도시대기",전북,김제,광활면,-,-,-,-,18,13,13,9,16,21,34
"도시대기",전북,완주,고산면,26,26,25,23,19,13,16,11,12,14,22
"도시대기",전북,완주,봉동읍,29,29,27,23,19,12,15,9,12,15,25
"도시대기",전북,완주,구이면,28,26,22,17,11,10,14,8,11,13,21
"도시대기",전북,진안,진안읍,26,24,24,20,18,11,11,10,10,12,19
"도시대기",전북,무주,무주읍,21,19,18,13,13,12,12,7,7,10,18
"도시대기",전북,순창,순창읍,16,17,15,13,14,13,14,10,10,19,25
"도시대기",전북,장수,장수읍,24,21,19,14,13,11,10,7,5,15,22
"도시대기",전남,화순,화순읍,23,22,15,14,16,11,10,9,11,11,15
"도시대기",전남,여수,서강동,20,18,17,13,14,8,10,7,10,10,17
"도시대기",전남,여수,월내동,23,21,18,17,21,12,14,10,12,13,20
"도시대기",전남,여수,문수동,22,19,18,14,16,9,10,7,10,11,18
"도시대기",전남,여수,여천동,19,18,17,14,15,9,11,9,11,13,17
"도시대기",전남,여수,덕충동,20,19,19,13,15,8,11,8,9,10,16
"도시대기",전남,여수,화양면,19,19,17,13,14,9,10,7,10,11,17
"도시대기",전남,여수,율촌면,21,20,17,14,15,10,12,8,10,11,19
"도시대기",전남,여수,삼일동,24,21,19,14,17,10,11,8,10,11,19
"도시대기",전남,광양,중동,19,16,19,15,16,15,14,11,9,10,19
"도시대기",전남,광양,태인동,16,15,19,17,17,12,9,7,8,8,17
"도시대기",전남,광양,봉강면,-,17**,16,13,14,12,15,10,10,11,16
"도시대기",전남,광양,광양읍,19,19,16,14,15,12,14,10,10,12,17
"도시대기",전남,순천,장천동,18,18,16,13,13,8,8,6,9,9,14
"도시대기",전남,순천,연향동,18,16,16,12,13,10,10,6,8,10,19
"도시대기",전남,순천,순천만,13,14,12,11,13,8,10,7,9,9,15
"도시대기",전남,순천,호두리,-,21,20,16,17,14,14,10,13,13,19
"도시대기",전남,순천,신대,15,16,16,12,14,10,12,8,9,10,16
"도시대기",전남,목포,용당동,16,16,13,13,13,10,11,7,12,11,15
"도시대기",전남,목포,부흥동,18,20,14,14,14,10,11,9,12,11,15
"도시대기",전남,영암,영암읍,25,25,21,19,14,10,8,6,10,12,17
"도시대기",전남,영암,대불,28,28,23,20,18,13,11,8,15,18,26
"도시대기",전남,나주,빛가람동,24,23,19,16,13,9,9,6,12,16,23
"도시대기",전남,담양,담양읍,22,20,19,16,18,14,12,9,12,13,21
"도시대기",전남,장성,장성읍,25,26,23,18,14,12,14,10,8,14,21
"도시대기",전남,해남,해남읍,19,21,18,18,16,13,12,10,13,9,14
"도시대기",전남,영광,영광읍,29,28,21,19,16,15,16,12,17,20,30
"도시대기",전남,장흥,장흥읍,17,16,15,15,17,11,11,8,9,10,16
"도시대기",전남,진도,진도읍,18,17,13,14,13,9,9,7,11,9,13
"도시대기",전남,완도,신지면,19,16,13,12,14,10,10,7,11,10,14
"도시대기",전남,함평,함평읍,27,25,18,14,15,11,11,9,12,13,16
"도시대기",전남,고흥,고흥읍,24,24,19,15,17,11,9,8,10,10,15
"도시대기",전남,신안,신안군,18,18,14,14,14,10,10,6,10,9,14
"도시대기",전남,무안,무안읍,22,22,19,18,16,13,10,9,16,17,19
"도시대기",전남,강진,강진읍,17,18,14,13,14,12,15,11,8**,-,13*
"도시대기",전남,곡성,곡성읍,32*,-,16,15,16,12,13,9,11,14,22
"도시대기",전남,구례,구례읍,17,15,14,12,12,9,9,5,7,8,14
"도시대기",전남,보성,벌교읍,21,22,17,13,15,8,9,7,10,9,14
"도시대기",전남,보성,보성읍,25,24,20,17,16,10,11,9,11,13,19
"도시대기",경북,영덕,영덕읍,17,16,16,14,14,12,11,10,7,7,14
"도시대기",경북,영덕,영해면,18,18,18,16,15,12,12,11,9,10,16
"도시대기",경북,영천,영천시,22,21,22,16,16,13,16,12,10,13,24
"도시대기",경북,의성,의성읍,24,21,18,13,14,10,11,8,7,10,21
"도시대기",경북,의성,안계면사무소,27,23,21,15,14,11,11**,-,-,-,23
"도시대기",경북,포항,장흥동,20,21,23,17,17,13,8*,11,16,15,22
"도시대기",경북,포항,장량동,13,13,15,11,12,9,10,9**,14*,16,29
"도시대기",경북,포항,대도동,19,18,20,16,17,13,13,10,9,9,16
"도시대기",경북,포항,대송면,15,15,18,13,14,11,13,11,9**,-,-
"도시대기",경북,포항,3공단,21,21,23,18,19,15,15,10,12,18,25
"도시대기",경북,포항,송도동,20,19,23,17,19,12,13,11,12,16,27
"도시대기",경북,포항,오천읍,23,22,22,17,18,11,12,9,8,12,19
"도시대기",경북,포항,청림동,27,26,26,21,22,15,10,11,11,16,26
"도시대기",경북,포항,연일읍,25,24,24,17,17,12,12,10,10,14,27
"도시대기",경북,포항,제철동,24,21,25,18,17,11,12,17,25**,17,29
"도시대기",경북,구미,공단동,31,27,27,18,17,11,11,13,12,15,29
"도시대기",경북,구미,원평동,22,21,21,16,15,12,11,10,12,19,26
"도시대기",경북,구미,형곡동,26,24,25,17,17,13,14,12,11,16,28
"도시대기",경북,구미,4공단,26,22,22,16,15,11,10,8,8,11,22
"도시대기",경북,구미,진미동,27,23,22,14,14,11,9,8,12,23,36
"도시대기",경북,김천,대광동,24,24,25,18,16,13,12,9*,9,15,26
"도시대기",경북,김천,율곡동,20,19,20,14,14,10,8,8,10,13,23
"도시대기",경북,김천,평화남산동,25,23,20,13,12,8,9,7,9,16,27
"도시대기",경북,경주,성건동,18,18,19,19,20,14,16,13,13,13,17
"도시대기",경북,경주,보덕동,17,17,18,14,16,11,11,10,9,9,16
"도시대기",경북,경주,안강읍,22,22,24,19,18,12,12,10,10,13,23
"도시대기",경북,경주,외동읍,23,22,23,18,19,11,11,10,9,12,22
"도시대기",경북,안동,명륜동,21,20,19,15,15,11,10,8,6,11,22
"도시대기",경북,영주,가흥동,28,24,23,18,17,12,8,8,13,22,36
"도시대기",경북,영주,영주동,35,29,28,23,20,16,15,15,15,21,36
"도시대기",경북,경산,중방동,23,23,23,16,17,13,14,11,12,12,22
"도시대기",경북,경산,하양읍,26,23,23,17,16,13,14**,-,-,12,25
"도시대기",경북,경산,진량읍,-,-,-,-,18**,13,14,12,11,12,26
"도시대기",경북,상주,상주시,29,26,26,18,17,15,15**,-,-,-,28
"도시대기",경북,칠곡,칠곡군,26,24,25,18,19,16,18**,-,-,-,25
"도시대기",경북,울진,울진군,16,17,39,16,16,13,9,7,7,7,14
"도시대기",경북,봉화,석포면,17,18,22,15,16,12,10,10,7,8,14
"도시대기",경북,봉화,봉화군,16*,16,13,13,14,10,8,8,7,11,19**
"도시대기",경북,울릉,울릉읍,9,11,15,14,17,12,9,11,12*,18,18
"도시대기",경북,고령,대가야읍,20,17,20,15,17,15,14,7,8,11,19
"도시대기",경북,군위,군위군,22,21,23*,-,-,-,7,6,6,10,18
"도시대기",경북,성주,성주군,25,22,24,18,17,16,16,10,15,14,21
"도시대기",경북,예천,예천군,25,23,22,17,17,14,14,11,7,11,23
"도시대기",경북,청도,화양읍,25,23,23,16,16,13,12**,-,-,11,23
"도시대기",경북,청송,청송군,22,20,18,14,13,10,10,7,6,7,13
"도시대기",경북,영양,영양군,21,18,18,15,13,10,10,7,5,10,18
"도시대기",경북,문경,문경시,25,24,23,15,14,12,8,5,6,11,25
"도시대기",경남,창원,명서동,16,15,15,12,15,11,14,12,10,11,16
"도시대기",경남,창원,웅남동,19,16,17,15,17,12,15,13,12,13,22
"도시대기",경남,창원,성주동,15,15,15,12,14,9,13,11,9,10,16
"도시대기",경남,창원,용지동,17,16,18,12,13,9,8,7,8,9,16
"도시대기",경남,창원,사파동,17,15,17,13,14,8,10,8,11,12,20
"도시대기",경남,창원,경화동,15,15,17,13,15,10,10*,-,-,10**,14
"도시대기",경남,창원,회원동,23,22,23,17,19,13,10,10,11,12,20
"도시대기",경남,창원,봉암동,17,17,19,14,17,12,9,12,12,13,22
"도시대기",경남,창원,월영동,17,16,16,14,16,10,13,11,11,11,17
"도시대기",경남,창원,내서읍,21,19,16,13,14,9,9,8,8,10,16
"도시대기",경남,진주,상봉동,19,17,18,14,14,9,12*,-,-,13**,17
"도시대기",경남,진주,대안동,18,14,16,15,16,12,12,10,8,9,16
"도시대기",경남,진주,상대동,22,18,18,17,19,14,16,13,12,14,22
"도시대기",경남,진주,정촌면,29,23,20,16,17,9,11,10,12,17,28
"도시대기",경남,하동,하동읍,21,19,18,16,18,14,16,11,12,13,17
"도시대기",경남,하동,금성면,19,18,18,13,16,12,15,11,10,11,16
"도시대기",경남,김해,동상동,22,20,21,15,16,9,14,11,13,16,24
"도시대기",경남,김해,삼방동,15,14,16,12,14,7,8,10,8,9,17
"도시대기",경남,김해,장유동,21,19,18,15,18,11,15,13,12,12,20
"도시대기",경남,김해,진영읍,24,21,22,18,21,13,16,13,12,14,24
"도시대기",경남,양산,북부동,18,17,18,14,17,11,15,13,10,10,17
"도시대기",경남,양산,삼호동,19,17,20,15,17,10,11,14,12,12,22
"도시대기",경남,양산,물금읍,26,21,22,16,17,12,13,12,10,12,19
"도시대기",경남,거제,아주동,16,14,16,12,15,8,11,-,-,11**,16
"도시대기",경남,거제,고현동,22,20,19,14,15,7,10,8,9,10,16
"도시대기",경남,사천,사천읍,19,16,15,12,17,11,14,11,11,12,19
"도시대기",경남,사천,향촌동,24,21,19,12,14,7,9,7,8,9,15
"도시대기",경남,밀양,내일동,21,20,21,15,16,13,12,9,8,10,17
"도시대기",경남,통영,무전동,19,16,19,14,14,8,9,9,13,12,15
"도시대기",경남,고성,고성읍,23,18,18,14,15,9,11,7,9,9,16
"도시대기",경남,거창,거창읍,22,19,18,13,10*,-,-,7,9,12,23
"도시대기",경남,함안,가야읍,23,19,19,13,16,12,13,10,12,16,24
"도시대기",경남,함양,함양읍,18,18,18,15,13,13,11,6,8,11,16
"도시대기",경남,남해,남해읍,20,18,17,13,15,9,8,7,9,9,17
"도시대기",경남,산청,산청읍,18,18,18,18,18,15,16,12,12,14,17
"도시대기",경남,의령,의령읍,19,17,16,16,18,14,16,11,11,14,22
"도시대기",경남,창녕,창녕읍,22,19,19,16,17,12,15,12,11,13,21
"도시대기",경남,합천,합천읍,19,17,16,18,19,16,17,13,12,13,21
"도시대기",제주,제주,이도동,16,18,20,19,18,13,13,10,15,13,17
"도시대기",제주,제주,연동,14,17,19,17,16,14,11,8,14,14,19
"도시대기",제주,제주,조천읍,17,20,21,16,14,10,10,8,14,17,24
"도시대기",제주,제주,한림읍,16,19,19,16,14,9,9,11,17,17,20
"도시대기",제주,제주,화북동,-,16,18,14,13,10,11,8,17,13,18
"도시대기",제주,서귀포,동홍동,14,17,16,13,12,9,10,7,9,6,11
"도시대기",제주,서귀포,성산읍,16,17,21,17,13,9,12,7,13,11,17
"도시대기",제주,서귀포,대정읍,15,18,17,14,13,10,11,7,13,13,17
"도시대기",제주,서귀포,남원읍,14,16,17,14,13,10,8,7,16,8,12
"도시대기",제주,서귀포,강정동,-,20,23,18,17,10,11,8,17,10,13
"국가배경농도",인천,옹진군,백령도,19,20,19,23,20,11*,17**,12*,14,18,22
"국가배경농도",인천,옹진군,연평도,23,24,21,23,18,11,15,8,11,15,22
"국가배경농도",인천,옹진군,울도,22,22,21,20,16,10,14,7,14,18,26
"국가배경농도",충남,태안,격렬비열도,24,24,21,21,21,13,17,9,15,24**,26
"국가배경농도",충남,보령,외연도,25,25,21,21,18,14,11*,9,19,31,36
"국가배경농도",전남,영광,안마도,27,25,20,19,16,11,13,9,17*,17,19*
"국가배경농도",전남,신안,홍도,27,30,25,19*,17,10,12,12*,12**,13,17
"국가배경농도",전남,신안,가거도,20,24,21,17,14,7**,14*,10*,20**,17,20
"국가배경농도",전북,군산,말도,30,27,22,21,17,13,13*,8,18,20,29
"국가배경농도",경북,울릉군,태하리,14,16,20,18,17,10,6*,9**,7**,11*,20
"국가배경농도",제주,제주,고산리,11,15,15,12,13,10,11,8,15*,15,20
"교외대기",인천,강화군,석모리,25,22,20,21,14,10*,15,9*,11,16,24
"교외대기",인천,옹진군,덕적도,24,22,19,19,13,8*,10,4*,11,16,20
"교외대기",경기,이천,설성면,39,33,34,30,22,18,15*,12*,14,25,37
"교외대기",경기,파주,파주,33,30,25,27,21,14*,15*,12*,14,20,25
"교외대기",경기,포천,관인면,20,17,17,20,19,12,9,9,9,10*,15
"교외대기",경기,연천,연천(DMZ),18,17,15,16,14,9,8,6,7,9,15
"교외대기",강원,양구,방산면,24,25,22,22,19,12,7,9,12*,8,15
"교외대기",강원,고성,간성읍,19,21,21,20,17,11,7,8,9,13,20
"교외대기",강원,고성,인제(DMZ),18,19,18,19,16,11,7*,6*,7,11,18
"교외대기",강원,고성,고성(DMZ),18,19,18,18,15,9*,6*,6*,8*,12*,20
"교외대기",강원,정선,북평면,25,23,24,21,20,17,11,9,8,12,19*
"교외대기",강원,철원,철원(DMZ),26,24,21,20,18,11,8,7,11,15,23
"교외대기",강원,화천,화천(DMZ),24,25,22,22,21,14,9,12,11,12,19*
"교외대기",강원,횡성,치악산,36,32,31,28,25,22*,17,14*,11,14,20
"교외대기",충북,괴산,청천면,36,25,24,18,15,11,14,7,11,19,29
"교외대기",충북,음성,금왕,32,26,26,21,17,12,11,9,12,20,32
"교외대기",충남,태안,파도리,32,31,30,28,26,16,19,13,21,28,32*
"교외대기",충남,공주,사곡면,31,27,24,20,20,12**,14,8,12,17,25
"교외대기",전북,임실,운암면,20,19,14,10,10*,20**,-,-,-,17,26
"교외대기",전북,부안,새만금,28,26,20,20,16,11,11,9,16,18,25
"교외대기",전남,화순,송단리,16,17,15,12,8,6*,8,6,8*,9,13
"교외대기",경북,영덕,강구면,20,19,19,15,14,11,9*,8,8*,14*,14
"교외대기",경북,영천,화북면,19,20,21,15,13,16**,-,11*,10*,15*,25*
"교외대기",경북,의성,안계면,21,19,18,13,13,8**,-,-,-,-,22**
"교외대기",경남,창원,대산면,20,18,25,19,21,16,19,20,16**,14*,26
"교외대기",경남,거제,저구리,23,20,23,17,18*,12**,14**,5*,8*,10,16*
"교외대기",경남,거창,남상면,26,24,23,18,17,13,12,7*,12,15,26
"도로변대기",서울,서울,한강대로,26,23,20,24,22,15,20,14,15*,-,21
"도로변대기",서울,서울,청계천로,30,28,23,24,18,13,17,13,13,15,23
"도로변대기",서울,서울,종로,28,24,21,21,16,12,15,12,10,12,21
"도로변대기",서울,서울,홍릉로,29,26,23,25,19,15,18,14,14,16,26
"도로변대기",서울,서울,신촌로,29,26,22,24,19,13,19,13,14,16,25
"도로변대기",서울,서울,영등포로,28,25,22,23,17,13,18,13,14,17,25
"도로변대기",서울,서울,도산대로,30,28,24,25,19,12,14,10,12,16,25
"도로변대기",서울,서울,천호대로,32,27,22,22,16,13,16,11,10,14,23
"도로변대기",서울,서울,강남대로,31,27,25,23,18,12,13,9,12,16,25
"도로변대기",서울,서울,강변북로,31,28,25,24,17,12,14,9,9,14,23
"도로변대기",서울,서울,화랑로,29,26,21,22,19,14,16,13,11,13,21
"도로변대기",서울,서울,공항대로,30,26,21,23,18,14,17,12,13,16,24
"도로변대기",서울,서울,동작대로,27,25,21,22,18,13,18,13,14,18,27
"도로변대기",서울,서울,정릉로,28,27,23,24,19,14,17,14,13,15,24
"도로변대기",서울,서울,시흥대로,26,23,22,24,19,14*,19,11,13,14,20
"도로변대기",서울,서울,시도평균,29,26,22,23,18,13,17,12,12,15,24
"도로변대기",부산,부산,온천동,20,19,20,15,18,12,12,11,10,10,17
"도로변대기",부산,부산,초량동,18,18,19,16,18,9,13,12,11,11,19
"도로변대기",부산,부산,부산북항,22,19,19,15,17,12,-,-,-,-,-
"도로변대기",부산,부산,부산신항,22,20,20,14,16,9,-,-,-,-,-
"도로변대기",부산,부산,삼락동,21,18,19,14,16,9,11,9,9,10,18
"도로변대기",부산,부산,시도평균,21,19,20,15,17,10,12*,11,10,10,18
"도로변대기",대구,대구,평리동,28,26,25,20,20,14,14,10,10,15,29
"도로변대기",대구,대구,이곡동,28,24,25,18,18,13,13,8,10,14,27
"도로변대기",대구,대구,시도평균,28,25,25,19,19,13,13,9,10,14,28
"도로변대기",인천,인천,석바위,31,27,23,22,18,13,19,13,16,19,25
"도로변대기",인천,인천,부평역,32,29,30,29,22,18,22,14,20,22,29
"도로변대기",인천,인천,송현,27,22,21,19,14,11,18,12,15,17,22
"도로변대기",인천,인천,서해,30,27,27,26,19,15,18,10,16,19,26
"도로변대기",인천,인천,남동,35,31,28,27,19,13,18,11,16,20,28
"도로변대기",인천,인천,중봉,30,25,22,23,17,12,18,11,14,16,24
"도로변대기",인천,인천,시도평균,31,27,25,24,18,14,19,12,16,19,26
"도로변대기",광주,광주,치평동,29,31,27,22,20,15,14,9,15,18,27
"도로변대기",광주,광주,운암동,21,22,21,17,16,13,12,9,11,12,19
"도로변대기",광주,광주,시도평균,25,26,24,20,18,14,13,9,13,15,23
"도로변대기",대전,대전,대흥동1,23,21,24,18,17,12,14,11,15,19,30
"도로변대기",대전,대전,월평동,26,24,27,21,19,13,13,9,11,14,23
"도로변대기",대전,대전,시도평균,24,23,26,20,18,13,13,10,13,17,27
"도로변대기",울산,울산,신정로,17,16,19,14,15,10*,9**,12,12,13,21
"도로변대기",울산,울산,북부순환도로,17,17,20,14,16,10,12,14,13,12,20
"도로변대기",울산,울산,시도평균,17,17,19,14,16,10,11*,13,12,13,20
"도로변대기",세종,세종,보람동,26,23,23,19,18,15,14,8,8,12,21
"도로변대기",경기,수원,경수대로(동수원),31,29,26,21,16,11,13,9,11,16,25
"도로변대기",경기,성남,성남대로(모란역),31,26,22,19,14,10,13,8,9,14,23
"도로변대기",경기,성남,대왕판교로(백현동),30,28,25,21,17,12,14,10,12,17,23
"도로변대기",경기,안산,중앙대로(고잔동),21,17,27,24,16,10,14,8,8,11,26
"도로변대기",경기,고양,백마로(마두역),29,26,24,26,21,17,22,15,13,14,23
"도로변대기",경기,시흥,서해안로,27,24,24,23,16,12,17,10,14,19,28
"도로변대기",경기,부천,송내대로(중동),26,23,20,21,13,9,12,7,9,13,17
"도로변대기",경기,남양주,경춘로,32,28,26,25,20,15,15,11,12,16,27
"도로변대기",경기,용인,중부대로(구갈동),27,24,20,20,18,14,18,-,-,20*,24
"도로변대기",경기,김포,한강로,29,25,22,24,19,17,22,15,16,16,25
"도로변대기",경기,오산,금암로(신장동),31,27,24,22,16,13,17,12,13,17,23
"도로변대기",경기,시도평균,소계,29,25,24,22,17,13,16,11,12,16,24
"도로변대기",강원,춘천,온의동,32,26,21,18,15,11,9,9,8,11,23
"도로변대기",충북,청주,복대동,33,27,26,19,15,11,13,8,11,16,27
"도로변대기",충남,천안,성성동,35,31,32,28,21,14,17,11,16,24,31
"도로변대기",충남,당진,복운리,-,-,-,-,-,-,-,10,14,20,32
"도로변대기",충남,아산,장재리,41,38,30,25,18,12,14,10,13,20,32
"도로변대기",충남,시도평균,소계,38,34,31,26,20,13,16,10,14,21,32
"도로변대기",전북,전주,서신동,25,24,23,21,16,13,16,8,13,15,23
"도로변대기",전북,익산,금마면,-,-,22**,27,25,19,19,14,17,21,31
"도로변대기",전북,시도평균,소계,-,-,23*,24,20,16,17,11,15,18,27
"도로변대기",경북,포항,우현동,22,22,23,18,18,12,11,10,15,15,26
"도로변대기",경남,창원,삼진로,-,-,-,-,-,-,-,-,-,14**,19
"도로변대기",경남,창원,반송로,14,13,15,11,13,7,10,9,8,12,19
"도로변대기",경남,김해,김해대로,21,18,19,15,18,11,16,14,12,12,21
"도로변대기",경남,시도평균,소계,18,15,17,13,15,10,13,11,10,12,20
"도로변대기",제주,제주,노형로,17,18,20,19,18,16,14,7,16,16,22
